,Station,Year,Month,Monthly_mm
0,PKK001,1981,1,7.5
1,PKK001,1981,2,2.3
2,PKK001,1981,3,19.799999999999997
3,PKK001,1981,4,64.8
4,PKK001,1981,5,140.0
5,PKK001,1981,6,129.8
6,PKK001,1981,7,136.3
7,PKK001,1981,8,241.4
8,PKK001,1981,9,135.6
9,PKK001,1981,10,94.5
10,PKK001,1981,11,33.3
11,PKK001,1981,12,8.8
12,PKK001,1982,1,4.300000000000001
13,PKK001,1982,2,15.7
14,PKK001,1982,3,15.8
15,PKK001,1982,4,62.1
16,PKK001,1982,5,149.1
17,PKK001,1982,6,135.5
18,PKK001,1982,7,173.3
19,PKK001,1982,8,141.3
20,PKK001,1982,9,120.2
21,PKK001,1982,10,117.9
22,PKK001,1982,11,43.8
23,PKK001,1982,12,6.7
24,PKK001,1983,1,4.2
25,PKK001,1983,2,7.0
26,PKK001,1983,3,25.7
27,PKK001,1983,4,40.6
28,PKK001,1983,5,120.9
29,PKK001,1983,6,144.7
30,PKK001,1983,7,157.8
31,PKK001,1983,8,116.0
32,PKK001,1983,9,136.7
33,PKK001,1983,10,95.5
34,PKK001,1983,11,13.2
35,PKK001,1983,12,5.3
36,PKK001,1984,1,6.7
37,PKK001,1984,2,7.7
38,PKK001,1984,3,6.4
39,PKK001,1984,4,50.9
40,PKK001,1984,5,95.2
41,PKK001,1984,6,197.2
42,PKK001,1984,7,177.5
43,PKK001,1984,8,218.8
44,PKK001,1984,9,192.4
45,PKK001,1984,10,104.2
46,PKK001,1984,11,39.2
47,PKK001,1984,12,8.1
48,PKK001,1985,1,6.4
49,PKK001,1985,2,6.3
50,PKK001,1985,3,21.6
51,PKK001,1985,4,57.7
52,PKK001,1985,5,146.5
53,PKK001,1985,6,139.0
54,PKK001,1985,7,161.9
55,PKK001,1985,8,136.5
56,PKK001,1985,9,63.2
57,PKK001,1985,10,128.5
58,PKK001,1985,11,17.1
59,PKK001,1985,12,10.8
60,PKK001,1986,1,3.5
61,PKK001,1986,2,8.9
62,PKK001,1986,3,23.2
63,PKK001,1986,4,41.8
64,PKK001,1986,5,132.5
65,PKK001,1986,6,110.3
66,PKK001,1986,7,145.1
67,PKK001,1986,8,182.3
68,PKK001,1986,9,153.6
69,PKK001,1986,10,117.9
70,PKK001,1986,11,24.1
71,PKK001,1986,12,7.4
72,PKK001,1987,1,1.6
73,PKK001,1987,2,5.1
74,PKK001,1987,3,6.6
75,PKK001,1987,4,52.4
76,PKK001,1987,5,124.2
77,PKK001,1987,6,142.4
78,PKK001,1987,7,245.2
79,PKK001,1987,8,152.2
80,PKK001,1987,9,144.2
81,PKK001,1987,10,90.5
82,PKK001,1987,11,61.5
83,PKK001,1987,12,13.3
84,PKK001,1988,1,5.5
85,PKK001,1988,2,7.9
86,PKK001,1988,3,22.1
87,PKK001,1988,4,44.4
88,PKK001,1988,5,130.0
89,PKK001,1988,6,120.8
90,PKK001,1988,7,139.3
91,PKK001,1988,8,124.8
92,PKK001,1988,9,133.2
93,PKK001,1988,10,78.8
94,PKK001,1988,11,30.7
95,PKK001,1988,12,8.7
96,PKK001,1989,1,7.6
97,PKK001,1989,2,13.9
98,PKK001,1989,3,19.9
99,PKK001,1989,4,52.5
100,PKK001,1989,5,143.9
101,PKK001,1989,6,210.8
102,PKK001,1989,7,181.3
103,PKK001,1989,8,137.9
104,PKK001,1989,9,165.6
105,PKK001,1989,10,127.7
106,PKK001,1989,11,24.799999999999997
107,PKK001,1989,12,8.5
108,PKK001,1990,1,4.0
109,PKK001,1990,2,8.3
110,PKK001,1990,3,20.2
111,PKK001,1990,4,68.89999999999999
112,PKK001,1990,5,93.89999999999999
113,PKK001,1990,6,135.1
114,PKK001,1990,7,153.3
115,PKK001,1990,8,215.1
116,PKK001,1990,9,209.2
117,PKK001,1990,10,136.4
118,PKK001,1990,11,28.4
119,PKK001,1990,12,10.5
120,PKK001,1991,1,8.6
121,PKK001,1991,2,3.2
122,PKK001,1991,3,31.2
123,PKK001,1991,4,59.9
124,PKK001,1991,5,142.0
125,PKK001,1991,6,106.5
126,PKK001,1991,7,135.6
127,PKK001,1991,8,203.8
128,PKK001,1991,9,114.10000000000001
129,PKK001,1991,10,179.7
130,PKK001,1991,11,50.300000000000004
131,PKK001,1991,12,3.9
132,PKK001,1992,1,3.3
133,PKK001,1992,2,2.4
134,PKK001,1992,3,11.700000000000001
135,PKK001,1992,4,48.6
136,PKK001,1992,5,145.2
137,PKK001,1992,6,155.8
138,PKK001,1992,7,189.5
139,PKK001,1992,8,124.7
140,PKK001,1992,9,129.0
141,PKK001,1992,10,141.1
142,PKK001,1992,11,36.9
143,PKK001,1992,12,5.3
144,PKK001,1993,1,11.9
145,PKK001,1993,2,10.4
146,PKK001,1993,3,26.3
147,PKK001,1993,4,52.4
148,PKK001,1993,5,179.9
149,PKK001,1993,6,163.1
150,PKK001,1993,7,186.6
151,PKK001,1993,8,132.7
152,PKK001,1993,9,71.0
153,PKK001,1993,10,136.0
154,PKK001,1993,11,55.3
155,PKK001,1993,12,7.0
156,PKK001,1994,1,3.4
157,PKK001,1994,2,4.4
158,PKK001,1994,3,41.699999999999996
159,PKK001,1994,4,51.300000000000004
160,PKK001,1994,5,105.6
161,PKK001,1994,6,70.4
162,PKK001,1994,7,137.2
163,PKK001,1994,8,186.8
164,PKK001,1994,9,138.0
165,PKK001,1994,10,125.4
166,PKK001,1994,11,47.4
167,PKK001,1994,12,11.7
168,PKK001,1995,1,10.5
169,PKK001,1995,2,7.9
170,PKK001,1995,3,13.6
171,PKK001,1995,4,67.0
172,PKK001,1995,5,119.0
173,PKK001,1995,6,89.0
174,PKK001,1995,7,181.8
175,PKK001,1995,8,179.5
176,PKK001,1995,9,118.2
177,PKK001,1995,10,153.4
178,PKK001,1995,11,26.5
179,PKK001,1995,12,4.1
180,PKK001,1996,1,1.1
181,PKK001,1996,2,20.400000000000002
182,PKK001,1996,3,31.2
183,PKK001,1996,4,41.9
184,PKK001,1996,5,140.0
185,PKK001,1996,6,142.4
186,PKK001,1996,7,230.9
187,PKK001,1996,8,135.2
188,PKK001,1996,9,187.6
189,PKK001,1996,10,120.2
190,PKK001,1996,11,35.9
191,PKK001,1996,12,9.4
192,PKK001,1997,1,2.5999999999999996
193,PKK001,1997,2,4.8
194,PKK001,1997,3,31.0
195,PKK001,1997,4,63.900000000000006
196,PKK001,1997,5,111.8
197,PKK001,1997,6,136.6
198,PKK001,1997,7,183.6
199,PKK001,1997,8,178.4
200,PKK001,1997,9,100.6
201,PKK001,1997,10,84.39999999999999
202,PKK001,1997,11,69.1
203,PKK001,1997,12,10.4
204,PKK001,1998,1,3.7
205,PKK001,1998,2,7.8
206,PKK001,1998,3,26.4
207,PKK001,1998,4,47.7
208,PKK001,1998,5,135.7
209,PKK001,1998,6,141.4
210,PKK001,1998,7,176.7
211,PKK001,1998,8,184.2
212,PKK001,1998,9,118.7
213,PKK001,1998,10,159.1
214,PKK001,1998,11,26.0
215,PKK001,1998,12,5.9
216,PKK001,1999,1,1.1
217,PKK001,1999,2,13.1
218,PKK001,1999,3,21.9
219,PKK001,1999,4,56.2
220,PKK001,1999,5,130.8
221,PKK001,1999,6,139.2
222,PKK001,1999,7,166.8
223,PKK001,1999,8,186.6
224,PKK001,1999,9,175.5
225,PKK001,1999,10,137.0
226,PKK001,1999,11,42.8
227,PKK001,1999,12,2.5
228,PKK001,2000,1,3.2
229,PKK001,2000,2,15.8
230,PKK001,2000,3,22.599999999999998
231,PKK001,2000,4,57.9
232,PKK001,2000,5,148.0
233,PKK001,2000,6,108.4
234,PKK001,2000,7,145.2
235,PKK001,2000,8,169.7
236,PKK001,2000,9,121.39999999999999
237,PKK001,2000,10,116.39999999999999
238,PKK001,2000,11,28.7
239,PKK001,2000,12,13.7
240,PKK001,2001,1,7.9
241,PKK001,2001,2,8.4
242,PKK001,2001,3,22.5
243,PKK001,2001,4,33.199999999999996
244,PKK001,2001,5,67.9
245,PKK001,2001,6,129.6
246,PKK001,2001,7,127.10000000000001
247,PKK001,2001,8,226.7
248,PKK001,2001,9,109.0
249,PKK001,2001,10,83.7
250,PKK001,2001,11,44.6
251,PKK001,2001,12,6.5
252,PKK001,2002,1,4.3999999999999995
253,PKK001,2002,2,7.5
254,PKK001,2002,3,27.500000000000004
255,PKK001,2002,4,51.1
256,PKK001,2002,5,96.3
257,PKK001,2002,6,103.3
258,PKK001,2002,7,119.9
259,PKK001,2002,8,142.7
260,PKK001,2002,9,181.6
261,PKK001,2002,10,120.7
262,PKK001,2002,11,14.1
263,PKK001,2002,12,14.3
264,PKK001,2003,1,2.7
265,PKK001,2003,2,4.7
266,PKK001,2003,3,20.1
267,PKK001,2003,4,50.800000000000004
268,PKK001,2003,5,131.2
269,PKK001,2003,6,224.6
270,PKK001,2003,7,201.0
271,PKK001,2003,8,179.9
272,PKK001,2003,9,116.8
273,PKK001,2003,10,130.8
274,PKK001,2003,11,14.8
275,PKK001,2003,12,8.7
276,PKK001,2004,1,3.9
277,PKK001,2004,2,3.9
278,PKK001,2004,3,29.3
279,PKK001,2004,4,48.3
280,PKK001,2004,5,139.4
281,PKK001,2004,6,119.9
282,PKK001,2004,7,212.0
283,PKK001,2004,8,143.1
284,PKK001,2004,9,168.7
285,PKK001,2004,10,119.8
286,PKK001,2004,11,37.6
287,PKK001,2004,12,4.6
288,PKK001,2005,1,0.8999999999999999
289,PKK001,2005,2,3.9
290,PKK001,2005,3,13.8
291,PKK001,2005,4,52.6
292,PKK001,2005,5,83.60000000000001
293,PKK001,2005,6,141.8
294,PKK001,2005,7,160.2
295,PKK001,2005,8,187.2
296,PKK001,2005,9,126.2
297,PKK001,2005,10,129.2
298,PKK001,2005,11,26.7
299,PKK001,2005,12,7.9
300,PKK001,2006,1,0.4
301,PKK001,2006,2,6.8
302,PKK001,2006,3,30.7
303,PKK001,2006,4,29.7
304,PKK001,2006,5,166.3
305,PKK001,2006,6,172.9
306,PKK001,2006,7,102.4
307,PKK001,2006,8,171.9
308,PKK001,2006,9,211.6
309,PKK001,2006,10,133.2
310,PKK001,2006,11,14.6
311,PKK001,2006,12,5.199999999999999
312,PKK001,2007,1,3.0
313,PKK001,2007,2,6.9
314,PKK001,2007,3,21.0
315,PKK001,2007,4,51.1
316,PKK001,2007,5,118.8
317,PKK001,2007,6,106.60000000000001
318,PKK001,2007,7,190.29999999999998
319,PKK001,2007,8,193.9
320,PKK001,2007,9,217.5
321,PKK001,2007,10,128.4
322,PKK001,2007,11,34.9
323,PKK001,2007,12,2.6
324,PKK001,2008,1,2.0
325,PKK001,2008,2,7.5
326,PKK001,2008,3,20.3
327,PKK001,2008,4,33.6
328,PKK001,2008,5,173.1
329,PKK001,2008,6,120.30000000000001
330,PKK001,2008,7,135.4
331,PKK001,2008,8,182.0
332,PKK001,2008,9,88.3
333,PKK001,2008,10,147.7
334,PKK001,2008,11,41.5
335,PKK001,2008,12,8.4
336,PKK001,2009,1,5.8999999999999995
337,PKK001,2009,2,2.6
338,PKK001,2009,3,18.0
339,PKK001,2009,4,30.9
340,PKK001,2009,5,128.7
341,PKK001,2009,6,172.7
342,PKK001,2009,7,216.6
343,PKK001,2009,8,202.79999999999998
344,PKK001,2009,9,95.60000000000001
345,PKK001,2009,10,159.2
346,PKK001,2009,11,43.5
347,PKK001,2009,12,4.9
348,PKK001,2010,1,11.2
349,PKK001,2010,2,8.799999999999999
350,PKK001,2010,3,16.8
351,PKK001,2010,4,53.0
352,PKK001,2010,5,200.70000000000002
353,PKK001,2010,6,140.7
354,PKK001,2010,7,232.2
355,PKK001,2010,8,203.6
356,PKK001,2010,9,123.2
357,PKK001,2010,10,99.5
358,PKK001,2010,11,34.8
359,PKK001,2010,12,8.7
360,PKK001,2011,1,11.1
361,PKK001,2011,2,2.0
362,PKK001,2011,3,11.2
363,PKK001,2011,4,52.300000000000004
364,PKK001,2011,5,125.9
365,PKK001,2011,6,156.6
366,PKK001,2011,7,221.3
367,PKK001,2011,8,186.8
368,PKK001,2011,9,109.8
369,PKK001,2011,10,104.7
370,PKK001,2011,11,49.1
371,PKK001,2011,12,9.8
372,PKK001,2012,1,3.3
373,PKK001,2012,2,11.5
374,PKK001,2012,3,20.599999999999998
375,PKK001,2012,4,60.5
376,PKK001,2012,5,103.5
377,PKK001,2012,6,95.8
378,PKK001,2012,7,137.4
379,PKK001,2012,8,196.6
380,PKK001,2012,9,118.3
381,PKK001,2012,10,193.4
382,PKK001,2012,11,30.8
383,PKK001,2012,12,7.9
384,PKK001,2013,1,1.9
385,PKK001,2013,2,4.3
386,PKK001,2013,3,16.0
387,PKK001,2013,4,70.2
388,PKK001,2013,5,82.5
389,PKK001,2013,6,116.3
390,PKK001,2013,7,120.1
391,PKK001,2013,8,176.1
392,PKK001,2013,9,129.1
393,PKK001,2013,10,178.2
394,PKK001,2013,11,31.099999999999998
395,PKK001,2013,12,8.6
396,PKK001,2014,1,3.7
397,PKK001,2014,2,3.5
398,PKK001,2014,3,15.2
399,PKK001,2014,4,58.0
400,PKK001,2014,5,150.0
401,PKK001,2014,6,104.0
402,PKK001,2014,7,109.6
403,PKK001,2014,8,139.7
404,PKK001,2014,9,170.1
405,PKK001,2014,10,65.8
406,PKK001,2014,11,9.9
407,PKK001,2014,12,9.4
408,PKK002,1981,1,0.3
409,PKK002,1981,2,6.9
410,PKK002,1981,3,20.5
411,PKK002,1981,4,52.1
412,PKK002,1981,5,176.1
413,PKK002,1981,6,150.5
414,PKK002,1981,7,143.4
415,PKK002,1981,8,141.4
416,PKK002,1981,9,200.4
417,PKK002,1981,10,136.2
418,PKK002,1981,11,41.2
419,PKK002,1981,12,5.5
420,PKK002,1982,1,7.0
421,PKK002,1982,2,3.9
422,PKK002,1982,3,23.1
423,PKK002,1982,4,42.6
424,PKK002,1982,5,96.8
425,PKK002,1982,6,186.2
426,PKK002,1982,7,126.8
427,PKK002,1982,8,115.39999999999999
428,PKK002,1982,9,97.5
429,PKK002,1982,10,85.2
430,PKK002,1982,11,30.7
431,PKK002,1982,12,6.2
432,PKK002,1983,1,6.7
433,PKK002,1983,2,4.5
434,PKK002,1983,3,36.4
435,PKK002,1983,4,48.4
436,PKK002,1983,5,189.6
437,PKK002,1983,6,172.6
438,PKK002,1983,7,199.1
439,PKK002,1983,8,183.4
440,PKK002,1983,9,211.5
441,PKK002,1983,10,152.4
442,PKK002,1983,11,41.2
443,PKK002,1983,12,10.299999999999999
444,PKK002,1984,1,1.8
445,PKK002,1984,2,4.6
446,PKK002,1984,3,23.9
447,PKK002,1984,4,44.0
448,PKK002,1984,5,158.9
449,PKK002,1984,6,159.1
450,PKK002,1984,7,217.7
451,PKK002,1984,8,164.3
452,PKK002,1984,9,200.7
453,PKK002,1984,10,192.2
454,PKK002,1984,11,29.900000000000002
455,PKK002,1984,12,14.3
456,PKK002,1985,1,1.9
457,PKK002,1985,2,11.9
458,PKK002,1985,3,16.7
459,PKK002,1985,4,62.5
460,PKK002,1985,5,144.2
461,PKK002,1985,6,188.6
462,PKK002,1985,7,159.7
463,PKK002,1985,8,180.7
464,PKK002,1985,9,217.8
465,PKK002,1985,10,137.9
466,PKK002,1985,11,17.900000000000002
467,PKK002,1985,12,7.8
468,PKK002,1986,1,11.399999999999999
469,PKK002,1986,2,1.8
470,PKK002,1986,3,12.8
471,PKK002,1986,4,75.8
472,PKK002,1986,5,147.0
473,PKK002,1986,6,227.2
474,PKK002,1986,7,162.3
475,PKK002,1986,8,200.0
476,PKK002,1986,9,168.7
477,PKK002,1986,10,154.1
478,PKK002,1986,11,42.9
479,PKK002,1986,12,14.6
480,PKK002,1987,1,3.1
481,PKK002,1987,2,6.2
482,PKK002,1987,3,14.0
483,PKK002,1987,4,32.6
484,PKK002,1987,5,144.0
485,PKK002,1987,6,88.5
486,PKK002,1987,7,85.8
487,PKK002,1987,8,215.4
488,PKK002,1987,9,156.5
489,PKK002,1987,10,165.1
490,PKK002,1987,11,35.1
491,PKK002,1987,12,4.8
492,PKK002,1988,1,3.4000000000000004
493,PKK002,1988,2,10.3
494,PKK002,1988,3,27.1
495,PKK002,1988,4,35.9
496,PKK002,1988,5,203.4
497,PKK002,1988,6,153.3
498,PKK002,1988,7,134.7
499,PKK002,1988,8,148.4
500,PKK002,1988,9,137.6
501,PKK002,1988,10,129.1
502,PKK002,1988,11,46.5
503,PKK002,1988,12,15.2
504,PKK002,1989,1,5.8
505,PKK002,1989,2,5.4
506,PKK002,1989,3,19.1
507,PKK002,1989,4,54.4
508,PKK002,1989,5,131.7
509,PKK002,1989,6,168.3
510,PKK002,1989,7,189.5
511,PKK002,1989,8,253.6
512,PKK002,1989,9,83.4
513,PKK002,1989,10,134.7
514,PKK002,1989,11,32.8
515,PKK002,1989,12,6.8
516,PKK002,1990,1,6.1
517,PKK002,1990,2,11.3
518,PKK002,1990,3,23.799999999999997
519,PKK002,1990,4,50.5
520,PKK002,1990,5,95.7
521,PKK002,1990,6,153.3
522,PKK002,1990,7,196.9
523,PKK002,1990,8,210.5
524,PKK002,1990,9,161.6
525,PKK002,1990,10,135.4
526,PKK002,1990,11,24.7
527,PKK002,1990,12,12.6
528,PKK002,1991,1,5.1
529,PKK002,1991,2,5.6000000000000005
530,PKK002,1991,3,15.9
531,PKK002,1991,4,27.3
532,PKK002,1991,5,89.6
533,PKK002,1991,6,184.3
534,PKK002,1991,7,104.8
535,PKK002,1991,8,194.5
536,PKK002,1991,9,189.6
537,PKK002,1991,10,165.0
538,PKK002,1991,11,45.3
539,PKK002,1991,12,7.1
540,PKK002,1992,1,5.9
541,PKK002,1992,2,2.5
542,PKK002,1992,3,15.5
543,PKK002,1992,4,27.9
544,PKK002,1992,5,165.8
545,PKK002,1992,6,129.6
546,PKK002,1992,7,135.9
547,PKK002,1992,8,212.5
548,PKK002,1992,9,157.3
549,PKK002,1992,10,64.9
550,PKK002,1992,11,30.6
551,PKK002,1992,12,8.7
552,PKK002,1993,1,5.4
553,PKK002,1993,2,2.4000000000000004
554,PKK002,1993,3,27.099999999999998
555,PKK002,1993,4,41.1
556,PKK002,1993,5,117.7
557,PKK002,1993,6,109.39999999999999
558,PKK002,1993,7,132.5
559,PKK002,1993,8,240.1
560,PKK002,1993,9,153.7
561,PKK002,1993,10,99.0
562,PKK002,1993,11,55.1
563,PKK002,1993,12,5.3
564,PKK002,1994,1,6.6
565,PKK002,1994,2,5.3
566,PKK002,1994,3,36.6
567,PKK002,1994,4,70.0
568,PKK002,1994,5,119.3
569,PKK002,1994,6,208.0
570,PKK002,1994,7,179.7
571,PKK002,1994,8,129.8
572,PKK002,1994,9,190.1
573,PKK002,1994,10,96.1
574,PKK002,1994,11,47.0
575,PKK002,1994,12,5.5
576,PKK002,1995,1,3.6999999999999997
577,PKK002,1995,2,9.1
578,PKK002,1995,3,25.2
579,PKK002,1995,4,57.6
580,PKK002,1995,5,107.6
581,PKK002,1995,6,111.3
582,PKK002,1995,7,96.7
583,PKK002,1995,8,172.4
584,PKK002,1995,9,161.1
585,PKK002,1995,10,109.0
586,PKK002,1995,11,38.8
587,PKK002,1995,12,10.2
588,PKK002,1996,1,6.3999999999999995
589,PKK002,1996,2,14.6
590,PKK002,1996,3,11.6
591,PKK002,1996,4,48.2
592,PKK002,1996,5,113.2
593,PKK002,1996,6,155.5
594,PKK002,1996,7,161.7
595,PKK002,1996,8,214.5
596,PKK002,1996,9,153.6
597,PKK002,1996,10,148.0
598,PKK002,1996,11,27.6
599,PKK002,1996,12,6.3
600,PKK002,1997,1,7.0
601,PKK002,1997,2,2.6
602,PKK002,1997,3,16.2
603,PKK002,1997,4,74.6
604,PKK002,1997,5,120.6
605,PKK002,1997,6,70.10000000000001
606,PKK002,1997,7,168.7
607,PKK002,1997,8,148.4
608,PKK002,1997,9,134.3
609,PKK002,1997,10,139.5
610,PKK002,1997,11,31.3
611,PKK002,1997,12,10.1
612,PKK002,1998,1,7.3
613,PKK002,1998,2,1.3
614,PKK002,1998,3,17.8
615,PKK002,1998,4,55.9
616,PKK002,1998,5,148.8
617,PKK002,1998,6,168.4
618,PKK002,1998,7,239.3
619,PKK002,1998,8,253.2
620,PKK002,1998,9,233.5
621,PKK002,1998,10,111.7
622,PKK002,1998,11,43.1
623,PKK002,1998,12,10.6
624,PKK002,1999,1,13.100000000000001
625,PKK002,1999,2,20.200000000000003
626,PKK002,1999,3,29.5
627,PKK002,1999,4,106.0
628,PKK002,1999,5,110.1
629,PKK002,1999,6,145.9
630,PKK002,1999,7,158.3
631,PKK002,1999,8,124.1
632,PKK002,1999,9,123.3
633,PKK002,1999,10,116.60000000000001
634,PKK002,1999,11,28.400000000000002
635,PKK002,1999,12,5.8
636,PKK002,2000,1,7.1
637,PKK002,2000,2,2.1
638,PKK002,2000,3,19.4
639,PKK002,2000,4,43.7
640,PKK002,2000,5,141.1
641,PKK002,2000,6,113.1
642,PKK002,2000,7,128.7
643,PKK002,2000,8,192.6
644,PKK002,2000,9,187.3
645,PKK002,2000,10,124.10000000000001
646,PKK002,2000,11,35.6
647,PKK002,2000,12,4.3
648,PKK002,2001,1,4.4
649,PKK002,2001,2,7.1
650,PKK002,2001,3,17.1
651,PKK002,2001,4,51.5
652,PKK002,2001,5,105.5
653,PKK002,2001,6,232.7
654,PKK002,2001,7,164.4
655,PKK002,2001,8,167.4
656,PKK002,2001,9,185.9
657,PKK002,2001,10,144.6
658,PKK002,2001,11,47.4
659,PKK002,2001,12,4.2
660,PKK002,2002,1,6.6000000000000005
661,PKK002,2002,2,7.8
662,PKK002,2002,3,35.7
663,PKK002,2002,4,51.0
664,PKK002,2002,5,112.4
665,PKK002,2002,6,114.4
666,PKK002,2002,7,175.5
667,PKK002,2002,8,157.2
668,PKK002,2002,9,92.6
669,PKK002,2002,10,168.29999999999998
670,PKK002,2002,11,24.200000000000003
671,PKK002,2002,12,7.7
672,PKK002,2003,1,4.8
673,PKK002,2003,2,8.8
674,PKK002,2003,3,12.8
675,PKK002,2003,4,35.6
676,PKK002,2003,5,97.8
677,PKK002,2003,6,138.0
678,PKK002,2003,7,185.3
679,PKK002,2003,8,147.9
680,PKK002,2003,9,151.5
681,PKK002,2003,10,175.7
682,PKK002,2003,11,39.5
683,PKK002,2003,12,17.8
684,PKK002,2004,1,7.0
685,PKK002,2004,2,10.5
686,PKK002,2004,3,19.0
687,PKK002,2004,4,39.8
688,PKK002,2004,5,165.0
689,PKK002,2004,6,167.7
690,PKK002,2004,7,243.8
691,PKK002,2004,8,188.3
692,PKK002,2004,9,153.8
693,PKK002,2004,10,179.6
694,PKK002,2004,11,45.1
695,PKK002,2004,12,10.5
696,PKK002,2005,1,3.3
697,PKK002,2005,2,10.0
698,PKK002,2005,3,43.4
699,PKK002,2005,4,22.599999999999998
700,PKK002,2005,5,204.1
701,PKK002,2005,6,155.1
702,PKK002,2005,7,148.7
703,PKK002,2005,8,139.3
704,PKK002,2005,9,118.10000000000001
705,PKK002,2005,10,164.7
706,PKK002,2005,11,34.4
707,PKK002,2005,12,4.6
708,PKK002,2006,1,1.1
709,PKK002,2006,2,3.8
710,PKK002,2006,3,16.5
711,PKK002,2006,4,41.7
712,PKK002,2006,5,118.8
713,PKK002,2006,6,143.1
714,PKK002,2006,7,174.9
715,PKK002,2006,8,215.0
716,PKK002,2006,9,153.70000000000002
717,PKK002,2006,10,137.4
718,PKK002,2006,11,41.5
719,PKK002,2006,12,4.0
720,PKK002,2007,1,2.5
721,PKK002,2007,2,7.5
722,PKK002,2007,3,41.3
723,PKK002,2007,4,40.8
724,PKK002,2007,5,117.7
725,PKK002,2007,6,178.1
726,PKK002,2007,7,171.1
727,PKK002,2007,8,149.1
728,PKK002,2007,9,118.9
729,PKK002,2007,10,155.1
730,PKK002,2007,11,46.7
731,PKK002,2007,12,17.0
732,PKK002,2008,1,1.6
733,PKK002,2008,2,2.5
734,PKK002,2008,3,9.0
735,PKK002,2008,4,28.3
736,PKK002,2008,5,160.4
737,PKK002,2008,6,171.4
738,PKK002,2008,7,172.5
739,PKK002,2008,8,210.8
740,PKK002,2008,9,151.9
741,PKK002,2008,10,137.5
742,PKK002,2008,11,26.5
743,PKK002,2008,12,12.0
744,PKK002,2009,1,2.5
745,PKK002,2009,2,8.3
746,PKK002,2009,3,17.6
747,PKK002,2009,4,37.4
748,PKK002,2009,5,103.3
749,PKK002,2009,6,189.6
750,PKK002,2009,7,227.70000000000002
751,PKK002,2009,8,137.7
752,PKK002,2009,9,230.2
753,PKK002,2009,10,99.9
754,PKK002,2009,11,46.8
755,PKK002,2009,12,7.2
756,PKK002,2010,1,6.3
757,PKK002,2010,2,10.3
758,PKK002,2010,3,10.9
759,PKK002,2010,4,67.30000000000001
760,PKK002,2010,5,144.5
761,PKK002,2010,6,162.3
762,PKK002,2010,7,171.0
763,PKK002,2010,8,122.5
764,PKK002,2010,9,151.5
765,PKK002,2010,10,183.8
766,PKK002,2010,11,28.9
767,PKK002,2010,12,12.3
768,PKK002,2011,1,3.8
769,PKK002,2011,2,10.200000000000001
770,PKK002,2011,3,18.8
771,PKK002,2011,4,28.599999999999998
772,PKK002,2011,5,126.3
773,PKK002,2011,6,137.0
774,PKK002,2011,7,261.8
775,PKK002,2011,8,230.1
776,PKK002,2011,9,192.3
777,PKK002,2011,10,113.89999999999999
778,PKK002,2011,11,31.7
779,PKK002,2011,12,6.7
780,PKK002,2012,1,6.5
781,PKK002,2012,2,8.0
782,PKK002,2012,3,22.5
783,PKK002,2012,4,38.8
784,PKK002,2012,5,175.3
785,PKK002,2012,6,177.0
786,PKK002,2012,7,178.0
787,PKK002,2012,8,198.0
788,PKK002,2012,9,172.8
789,PKK002,2012,10,134.9
790,PKK002,2012,11,25.1
791,PKK002,2012,12,6.8
792,PKK002,2013,1,2.7
793,PKK002,2013,2,3.2
794,PKK002,2013,3,15.4
795,PKK002,2013,4,17.8
796,PKK002,2013,5,126.80000000000001
797,PKK002,2013,6,114.4
798,PKK002,2013,7,166.9
799,PKK002,2013,8,218.4
800,PKK002,2013,9,69.4
801,PKK002,2013,10,169.5
802,PKK002,2013,11,32.199999999999996
803,PKK002,2013,12,5.3
804,PKK002,2014,1,5.8
805,PKK002,2014,2,4.1
806,PKK002,2014,3,27.7
807,PKK002,2014,4,31.7
808,PKK002,2014,5,81.5
809,PKK002,2014,6,151.5
810,PKK002,2014,7,194.3
811,PKK002,2014,8,210.7
812,PKK002,2014,9,127.3
813,PKK002,2014,10,109.9
814,PKK002,2014,11,38.2
815,PKK002,2014,12,11.299999999999999
816,PKK003,1981,1,3.5
817,PKK003,1981,2,12.7
818,PKK003,1981,3,20.099999999999998
819,PKK003,1981,4,50.8
820,PKK003,1981,5,168.1
821,PKK003,1981,6,170.2
822,PKK003,1981,7,192.5
823,PKK003,1981,8,198.2
824,PKK003,1981,9,162.2
825,PKK003,1981,10,211.6
826,PKK003,1981,11,22.7
827,PKK003,1981,12,7.0
828,PKK003,1982,1,7.7
829,PKK003,1982,2,11.2
830,PKK003,1982,3,27.0
831,PKK003,1982,4,77.1
832,PKK003,1982,5,154.8
833,PKK003,1982,6,205.6
834,PKK003,1982,7,168.70000000000002
835,PKK003,1982,8,275.40000000000003
836,PKK003,1982,9,191.0
837,PKK003,1982,10,142.3
838,PKK003,1982,11,41.6
839,PKK003,1982,12,5.5
840,PKK003,1983,1,2.6
841,PKK003,1983,2,10.2
842,PKK003,1983,3,24.9
843,PKK003,1983,4,65.5
844,PKK003,1983,5,133.3
845,PKK003,1983,6,152.8
846,PKK003,1983,7,151.2
847,PKK003,1983,8,199.2
848,PKK003,1983,9,149.5
849,PKK003,1983,10,110.0
850,PKK003,1983,11,31.0
851,PKK003,1983,12,6.5
852,PKK003,1984,1,7.1
853,PKK003,1984,2,12.0
854,PKK003,1984,3,27.0
855,PKK003,1984,4,52.2
856,PKK003,1984,5,202.5
857,PKK003,1984,6,280.2
858,PKK003,1984,7,169.6
859,PKK003,1984,8,226.8
860,PKK003,1984,9,244.9
861,PKK003,1984,10,114.1
862,PKK003,1984,11,60.9
863,PKK003,1984,12,8.6
864,PKK003,1985,1,5.7
865,PKK003,1985,2,11.8
866,PKK003,1985,3,24.2
867,PKK003,1985,4,59.8
868,PKK003,1985,5,122.3
869,PKK003,1985,6,150.2
870,PKK003,1985,7,134.6
871,PKK003,1985,8,172.6
872,PKK003,1985,9,202.7
873,PKK003,1985,10,192.1
874,PKK003,1985,11,48.7
875,PKK003,1985,12,6.9
876,PKK003,1986,1,1.3
877,PKK003,1986,2,9.5
878,PKK003,1986,3,18.4
879,PKK003,1986,4,62.6
880,PKK003,1986,5,89.80000000000001
881,PKK003,1986,6,130.6
882,PKK003,1986,7,126.7
883,PKK003,1986,8,195.1
884,PKK003,1986,9,193.1
885,PKK003,1986,10,113.30000000000001
886,PKK003,1986,11,29.0
887,PKK003,1986,12,10.0
888,PKK003,1987,1,0.8
889,PKK003,1987,2,10.6
890,PKK003,1987,3,22.0
891,PKK003,1987,4,82.1
892,PKK003,1987,5,155.1
893,PKK003,1987,6,202.1
894,PKK003,1987,7,192.0
895,PKK003,1987,8,140.5
896,PKK003,1987,9,251.3
897,PKK003,1987,10,129.2
898,PKK003,1987,11,51.8
899,PKK003,1987,12,15.2
900,PKK003,1988,1,3.5
901,PKK003,1988,2,13.5
902,PKK003,1988,3,9.3
903,PKK003,1988,4,77.8
904,PKK003,1988,5,116.2
905,PKK003,1988,6,237.7
906,PKK003,1988,7,212.3
907,PKK003,1988,8,263.09999999999997
908,PKK003,1988,9,168.6
909,PKK003,1988,10,94.9
910,PKK003,1988,11,43.0
911,PKK003,1988,12,16.8
912,PKK003,1989,1,8.4
913,PKK003,1989,2,7.3
914,PKK003,1989,3,31.700000000000003
915,PKK003,1989,4,61.8
916,PKK003,1989,5,106.0
917,PKK003,1989,6,185.6
918,PKK003,1989,7,178.29999999999998
919,PKK003,1989,8,228.9
920,PKK003,1989,9,156.4
921,PKK003,1989,10,183.9
922,PKK003,1989,11,35.6
923,PKK003,1989,12,2.6
924,PKK003,1990,1,13.1
925,PKK003,1990,2,11.6
926,PKK003,1990,3,19.4
927,PKK003,1990,4,57.0
928,PKK003,1990,5,162.3
929,PKK003,1990,6,215.8
930,PKK003,1990,7,196.20000000000002
931,PKK003,1990,8,196.8
932,PKK003,1990,9,181.9
933,PKK003,1990,10,174.7
934,PKK003,1990,11,38.3
935,PKK003,1990,12,6.199999999999999
936,PKK003,1991,1,4.5
937,PKK003,1991,2,10.1
938,PKK003,1991,3,17.099999999999998
939,PKK003,1991,4,73.2
940,PKK003,1991,5,119.3
941,PKK003,1991,6,184.7
942,PKK003,1991,7,329.5
943,PKK003,1991,8,223.6
944,PKK003,1991,9,149.8
945,PKK003,1991,10,156.8
946,PKK003,1991,11,40.3
947,PKK003,1991,12,9.3
948,PKK003,1992,1,5.2
949,PKK003,1992,2,11.3
950,PKK003,1992,3,13.8
951,PKK003,1992,4,59.9
952,PKK003,1992,5,190.8
953,PKK003,1992,6,158.8
954,PKK003,1992,7,89.60000000000001
955,PKK003,1992,8,234.8
956,PKK003,1992,9,156.0
957,PKK003,1992,10,119.4
958,PKK003,1992,11,46.300000000000004
959,PKK003,1992,12,9.3
960,PKK003,1993,1,4.2
961,PKK003,1993,2,5.8
962,PKK003,1993,3,27.2
963,PKK003,1993,4,34.7
964,PKK003,1993,5,81.0
965,PKK003,1993,6,148.4
966,PKK003,1993,7,147.9
967,PKK003,1993,8,186.9
968,PKK003,1993,9,185.4
969,PKK003,1993,10,72.7
970,PKK003,1993,11,50.1
971,PKK003,1993,12,18.3
972,PKK003,1994,1,8.8
973,PKK003,1994,2,2.7
974,PKK003,1994,3,47.1
975,PKK003,1994,4,49.300000000000004
976,PKK003,1994,5,89.7
977,PKK003,1994,6,151.70000000000002
978,PKK003,1994,7,152.6
979,PKK003,1994,8,272.1
980,PKK003,1994,9,120.8
981,PKK003,1994,10,110.9
982,PKK003,1994,11,81.6
983,PKK003,1994,12,6.5
984,PKK003,1995,1,12.6
985,PKK003,1995,2,10.1
986,PKK003,1995,3,39.2
987,PKK003,1995,4,71.2
988,PKK003,1995,5,146.1
989,PKK003,1995,6,185.0
990,PKK003,1995,7,152.6
991,PKK003,1995,8,217.9
992,PKK003,1995,9,117.4
993,PKK003,1995,10,117.10000000000001
994,PKK003,1995,11,40.5
995,PKK003,1995,12,16.9
996,PKK003,1996,1,13.899999999999999
997,PKK003,1996,2,3.7
998,PKK003,1996,3,22.1
999,PKK003,1996,4,57.3
1000,PKK003,1996,5,150.8
1001,PKK003,1996,6,178.7
1002,PKK003,1996,7,189.7
1003,PKK003,1996,8,210.8
1004,PKK003,1996,9,88.4
1005,PKK003,1996,10,146.2
1006,PKK003,1996,11,44.0
1007,PKK003,1996,12,7.8999999999999995
1008,PKK003,1997,1,4.7
1009,PKK003,1997,2,4.2
1010,PKK003,1997,3,37.3
1011,PKK003,1997,4,61.3
1012,PKK003,1997,5,154.4
1013,PKK003,1997,6,235.4
1014,PKK003,1997,7,224.5
1015,PKK003,1997,8,219.8
1016,PKK003,1997,9,157.9
1017,PKK003,1997,10,182.9
1018,PKK003,1997,11,57.6
1019,PKK003,1997,12,15.799999999999999
1020,PKK003,1998,1,4.8
1021,PKK003,1998,2,1.6
1022,PKK003,1998,3,27.700000000000003
1023,PKK003,1998,4,54.8
1024,PKK003,1998,5,167.2
1025,PKK003,1998,6,194.6
1026,PKK003,1998,7,145.9
1027,PKK003,1998,8,122.8
1028,PKK003,1998,9,135.4
1029,PKK003,1998,10,124.2
1030,PKK003,1998,11,39.300000000000004
1031,PKK003,1998,12,12.0
1032,PKK003,1999,1,4.1000000000000005
1033,PKK003,1999,2,5.800000000000001
1034,PKK003,1999,3,32.5
1035,PKK003,1999,4,48.4
1036,PKK003,1999,5,174.8
1037,PKK003,1999,6,176.8
1038,PKK003,1999,7,165.7
1039,PKK003,1999,8,166.3
1040,PKK003,1999,9,245.29999999999998
1041,PKK003,1999,10,176.3
1042,PKK003,1999,11,28.8
1043,PKK003,1999,12,7.6
1044,PKK003,2000,1,7.3
1045,PKK003,2000,2,16.3
1046,PKK003,2000,3,25.7
1047,PKK003,2000,4,71.7
1048,PKK003,2000,5,143.3
1049,PKK003,2000,6,175.8
1050,PKK003,2000,7,224.9
1051,PKK003,2000,8,233.8
1052,PKK003,2000,9,148.5
1053,PKK003,2000,10,178.0
1054,PKK003,2000,11,39.1
1055,PKK003,2000,12,6.1
1056,PKK003,2001,1,4.0
1057,PKK003,2001,2,11.5
1058,PKK003,2001,3,22.4
1059,PKK003,2001,4,83.3
1060,PKK003,2001,5,117.8
1061,PKK003,2001,6,151.1
1062,PKK003,2001,7,165.5
1063,PKK003,2001,8,160.0
1064,PKK003,2001,9,182.8
1065,PKK003,2001,10,191.0
1066,PKK003,2001,11,21.5
1067,PKK003,2001,12,3.3
1068,PKK003,2002,1,10.5
1069,PKK003,2002,2,11.4
1070,PKK003,2002,3,28.0
1071,PKK003,2002,4,105.2
1072,PKK003,2002,5,132.9
1073,PKK003,2002,6,210.5
1074,PKK003,2002,7,162.8
1075,PKK003,2002,8,197.70000000000002
1076,PKK003,2002,9,147.9
1077,PKK003,2002,10,147.29999999999998
1078,PKK003,2002,11,50.5
1079,PKK003,2002,12,17.3
1080,PKK003,2003,1,1.9
1081,PKK003,2003,2,4.1
1082,PKK003,2003,3,25.2
1083,PKK003,2003,4,70.3
1084,PKK003,2003,5,154.9
1085,PKK003,2003,6,236.9
1086,PKK003,2003,7,128.1
1087,PKK003,2003,8,180.1
1088,PKK003,2003,9,178.3
1089,PKK003,2003,10,97.0
1090,PKK003,2003,11,23.3
1091,PKK003,2003,12,18.5
1092,PKK003,2004,1,7.1000000000000005
1093,PKK003,2004,2,6.300000000000001
1094,PKK003,2004,3,53.2
1095,PKK003,2004,4,111.2
1096,PKK003,2004,5,114.5
1097,PKK003,2004,6,175.5
1098,PKK003,2004,7,193.2
1099,PKK003,2004,8,243.7
1100,PKK003,2004,9,175.9
1101,PKK003,2004,10,111.7
1102,PKK003,2004,11,28.1
1103,PKK003,2004,12,15.8
1104,PKK003,2005,1,6.8
1105,PKK003,2005,2,8.1
1106,PKK003,2005,3,30.7
1107,PKK003,2005,4,58.699999999999996
1108,PKK003,2005,5,253.3
1109,PKK003,2005,6,176.4
1110,PKK003,2005,7,213.3
1111,PKK003,2005,8,242.2
1112,PKK003,2005,9,175.4
1113,PKK003,2005,10,143.3
1114,PKK003,2005,11,29.8
1115,PKK003,2005,12,11.2
1116,PKK003,2006,1,7.0
1117,PKK003,2006,2,8.7
1118,PKK003,2006,3,13.7
1119,PKK003,2006,4,41.4
1120,PKK003,2006,5,175.3
1121,PKK003,2006,6,134.5
1122,PKK003,2006,7,146.3
1123,PKK003,2006,8,208.2
1124,PKK003,2006,9,81.6
1125,PKK003,2006,10,146.4
1126,PKK003,2006,11,47.3
1127,PKK003,2006,12,9.5
1128,PKK003,2007,1,2.2
1129,PKK003,2007,2,8.3
1130,PKK003,2007,3,5.6
1131,PKK003,2007,4,57.9
1132,PKK003,2007,5,134.6
1133,PKK003,2007,6,185.8
1134,PKK003,2007,7,181.4
1135,PKK003,2007,8,142.6
1136,PKK003,2007,9,133.4
1137,PKK003,2007,10,113.4
1138,PKK003,2007,11,38.8
1139,PKK003,2007,12,3.8
1140,PKK003,2008,1,14.6
1141,PKK003,2008,2,2.5
1142,PKK003,2008,3,34.2
1143,PKK003,2008,4,51.6
1144,PKK003,2008,5,180.7
1145,PKK003,2008,6,185.0
1146,PKK003,2008,7,269.7
1147,PKK003,2008,8,155.9
1148,PKK003,2008,9,186.2
1149,PKK003,2008,10,128.3
1150,PKK003,2008,11,52.2
1151,PKK003,2008,12,15.1
1152,PKK003,2009,1,0.30000000000000004
1153,PKK003,2009,2,8.200000000000001
1154,PKK003,2009,3,51.9
1155,PKK003,2009,4,61.6
1156,PKK003,2009,5,152.1
1157,PKK003,2009,6,145.20000000000002
1158,PKK003,2009,7,137.5
1159,PKK003,2009,8,199.1
1160,PKK003,2009,9,86.0
1161,PKK003,2009,10,155.2
1162,PKK003,2009,11,17.5
1163,PKK003,2009,12,9.6
1164,PKK003,2010,1,4.5
1165,PKK003,2010,2,17.4
1166,PKK003,2010,3,9.1
1167,PKK003,2010,4,32.6
1168,PKK003,2010,5,123.10000000000001
1169,PKK003,2010,6,133.6
1170,PKK003,2010,7,147.4
1171,PKK003,2010,8,250.3
1172,PKK003,2010,9,171.8
1173,PKK003,2010,10,128.5
1174,PKK003,2010,11,58.4
1175,PKK003,2010,12,7.800000000000001
1176,PKK003,2011,1,9.1
1177,PKK003,2011,2,7.1
1178,PKK003,2011,3,18.9
1179,PKK003,2011,4,52.7
1180,PKK003,2011,5,128.3
1181,PKK003,2011,6,172.5
1182,PKK003,2011,7,201.5
1183,PKK003,2011,8,189.9
1184,PKK003,2011,9,145.79999999999998
1185,PKK003,2011,10,104.5
1186,PKK003,2011,11,37.0
1187,PKK003,2011,12,13.1
1188,PKK003,2012,1,14.0
1189,PKK003,2012,2,7.0
1190,PKK003,2012,3,15.2
1191,PKK003,2012,4,67.2
1192,PKK003,2012,5,133.8
1193,PKK003,2012,6,203.7
1194,PKK003,2012,7,133.2
1195,PKK003,2012,8,112.4
1196,PKK003,2012,9,153.5
1197,PKK003,2012,10,75.8
1198,PKK003,2012,11,30.900000000000002
1199,PKK003,2012,12,9.3
1200,PKK003,2013,1,5.6
1201,PKK003,2013,2,12.5
1202,PKK003,2013,3,24.9
1203,PKK003,2013,4,45.9
1204,PKK003,2013,5,134.8
1205,PKK003,2013,6,97.9
1206,PKK003,2013,7,258.7
1207,PKK003,2013,8,148.9
1208,PKK003,2013,9,159.3
1209,PKK003,2013,10,122.7
1210,PKK003,2013,11,27.6
1211,PKK003,2013,12,5.3
1212,PKK003,2014,1,2.5999999999999996
1213,PKK003,2014,2,5.7
1214,PKK003,2014,3,36.4
1215,PKK003,2014,4,24.2
1216,PKK003,2014,5,151.5
1217,PKK003,2014,6,253.5
1218,PKK003,2014,7,133.1
1219,PKK003,2014,8,186.4
1220,PKK003,2014,9,143.7
1221,PKK003,2014,10,116.7
1222,PKK003,2014,11,30.400000000000002
1223,PKK003,2014,12,5.2
1224,PKK004,1981,1,1.9
1225,PKK004,1981,2,13.0
1226,PKK004,1981,3,22.5
1227,PKK004,1981,4,54.1
1228,PKK004,1981,5,147.79999999999998
1229,PKK004,1981,6,107.4
1230,PKK004,1981,7,209.7
1231,PKK004,1981,8,222.6
1232,PKK004,1981,9,131.9
1233,PKK004,1981,10,193.9
1234,PKK004,1981,11,41.0
1235,PKK004,1981,12,8.1
1236,PKK004,1982,1,2.5
1237,PKK004,1982,2,1.9
1238,PKK004,1982,3,19.1
1239,PKK004,1982,4,68.0
1240,PKK004,1982,5,118.5
1241,PKK004,1982,6,100.3
1242,PKK004,1982,7,230.4
1243,PKK004,1982,8,127.1
1244,PKK004,1982,9,90.1
1245,PKK004,1982,10,112.3
1246,PKK004,1982,11,20.7
1247,PKK004,1982,12,8.7
1248,PKK004,1983,1,7.3
1249,PKK004,1983,2,6.4
1250,PKK004,1983,3,12.6
1251,PKK004,1983,4,40.8
1252,PKK004,1983,5,121.8
1253,PKK004,1983,6,155.7
1254,PKK004,1983,7,160.0
1255,PKK004,1983,8,135.2
1256,PKK004,1983,9,177.5
1257,PKK004,1983,10,94.5
1258,PKK004,1983,11,38.2
1259,PKK004,1983,12,15.0
1260,PKK004,1984,1,4.0
1261,PKK004,1984,2,9.9
1262,PKK004,1984,3,16.9
1263,PKK004,1984,4,55.1
1264,PKK004,1984,5,197.6
1265,PKK004,1984,6,147.6
1266,PKK004,1984,7,161.4
1267,PKK004,1984,8,158.2
1268,PKK004,1984,9,150.6
1269,PKK004,1984,10,87.8
1270,PKK004,1984,11,30.1
1271,PKK004,1984,12,2.1
1272,PKK004,1985,1,1.3
1273,PKK004,1985,2,3.6
1274,PKK004,1985,3,23.3
1275,PKK004,1985,4,82.3
1276,PKK004,1985,5,107.9
1277,PKK004,1985,6,195.6
1278,PKK004,1985,7,231.79999999999998
1279,PKK004,1985,8,151.7
1280,PKK004,1985,9,172.1
1281,PKK004,1985,10,127.1
1282,PKK004,1985,11,27.8
1283,PKK004,1985,12,5.8999999999999995
1284,PKK004,1986,1,4.300000000000001
1285,PKK004,1986,2,10.0
1286,PKK004,1986,3,14.0
1287,PKK004,1986,4,86.5
1288,PKK004,1986,5,158.0
1289,PKK004,1986,6,131.2
1290,PKK004,1986,7,174.79999999999998
1291,PKK004,1986,8,274.8
1292,PKK004,1986,9,189.3
1293,PKK004,1986,10,97.6
1294,PKK004,1986,11,55.3
1295,PKK004,1986,12,14.4
1296,PKK004,1987,1,1.7
1297,PKK004,1987,2,7.7
1298,PKK004,1987,3,12.3
1299,PKK004,1987,4,39.5
1300,PKK004,1987,5,102.5
1301,PKK004,1987,6,135.4
1302,PKK004,1987,7,150.9
1303,PKK004,1987,8,145.4
1304,PKK004,1987,9,67.7
1305,PKK004,1987,10,140.0
1306,PKK004,1987,11,28.0
1307,PKK004,1987,12,13.6
1308,PKK004,1988,1,7.0
1309,PKK004,1988,2,4.2
1310,PKK004,1988,3,38.9
1311,PKK004,1988,4,28.1
1312,PKK004,1988,5,99.7
1313,PKK004,1988,6,117.1
1314,PKK004,1988,7,108.10000000000001
1315,PKK004,1988,8,173.2
1316,PKK004,1988,9,143.5
1317,PKK004,1988,10,164.6
1318,PKK004,1988,11,17.2
1319,PKK004,1988,12,4.1
1320,PKK004,1989,1,4.1
1321,PKK004,1989,2,4.1000000000000005
1322,PKK004,1989,3,33.7
1323,PKK004,1989,4,55.4
1324,PKK004,1989,5,105.5
1325,PKK004,1989,6,177.1
1326,PKK004,1989,7,173.2
1327,PKK004,1989,8,126.4
1328,PKK004,1989,9,120.4
1329,PKK004,1989,10,121.4
1330,PKK004,1989,11,28.5
1331,PKK004,1989,12,4.0
1332,PKK004,1990,1,7.1
1333,PKK004,1990,2,9.1
1334,PKK004,1990,3,19.9
1335,PKK004,1990,4,70.4
1336,PKK004,1990,5,109.8
1337,PKK004,1990,6,110.9
1338,PKK004,1990,7,106.5
1339,PKK004,1990,8,125.60000000000001
1340,PKK004,1990,9,132.2
1341,PKK004,1990,10,104.2
1342,PKK004,1990,11,16.2
1343,PKK004,1990,12,10.3
1344,PKK004,1991,1,3.3
1345,PKK004,1991,2,13.1
1346,PKK004,1991,3,34.7
1347,PKK004,1991,4,42.2
1348,PKK004,1991,5,97.9
1349,PKK004,1991,6,132.2
1350,PKK004,1991,7,179.2
1351,PKK004,1991,8,109.3
1352,PKK004,1991,9,127.0
1353,PKK004,1991,10,113.8
1354,PKK004,1991,11,14.9
1355,PKK004,1991,12,9.6
1356,PKK004,1992,1,1.3
1357,PKK004,1992,2,5.4
1358,PKK004,1992,3,14.4
1359,PKK004,1992,4,52.5
1360,PKK004,1992,5,160.3
1361,PKK004,1992,6,116.1
1362,PKK004,1992,7,222.7
1363,PKK004,1992,8,243.20000000000002
1364,PKK004,1992,9,180.5
1365,PKK004,1992,10,83.7
1366,PKK004,1992,11,50.8
1367,PKK004,1992,12,5.6
1368,PKK004,1993,1,4.2
1369,PKK004,1993,2,4.8
1370,PKK004,1993,3,22.9
1371,PKK004,1993,4,42.199999999999996
1372,PKK004,1993,5,127.9
1373,PKK004,1993,6,145.1
1374,PKK004,1993,7,227.4
1375,PKK004,1993,8,243.3
1376,PKK004,1993,9,195.9
1377,PKK004,1993,10,187.29999999999998
1378,PKK004,1993,11,22.1
1379,PKK004,1993,12,8.1
1380,PKK004,1994,1,11.0
1381,PKK004,1994,2,3.6
1382,PKK004,1994,3,46.0
1383,PKK004,1994,4,54.800000000000004
1384,PKK004,1994,5,174.6
1385,PKK004,1994,6,149.5
1386,PKK004,1994,7,178.0
1387,PKK004,1994,8,205.7
1388,PKK004,1994,9,114.3
1389,PKK004,1994,10,115.8
1390,PKK004,1994,11,24.3
1391,PKK004,1994,12,13.8
1392,PKK004,1995,1,4.4
1393,PKK004,1995,2,2.5
1394,PKK004,1995,3,5.1
1395,PKK004,1995,4,54.6
1396,PKK004,1995,5,154.6
1397,PKK004,1995,6,91.7
1398,PKK004,1995,7,97.0
1399,PKK004,1995,8,190.9
1400,PKK004,1995,9,150.3
1401,PKK004,1995,10,90.7
1402,PKK004,1995,11,12.9
1403,PKK004,1995,12,6.3
1404,PKK004,1996,1,6.8999999999999995
1405,PKK004,1996,2,5.1
1406,PKK004,1996,3,21.0
1407,PKK004,1996,4,77.5
1408,PKK004,1996,5,116.6
1409,PKK004,1996,6,139.1
1410,PKK004,1996,7,176.7
1411,PKK004,1996,8,189.6
1412,PKK004,1996,9,132.8
1413,PKK004,1996,10,100.80000000000001
1414,PKK004,1996,11,10.2
1415,PKK004,1996,12,5.9
1416,PKK004,1997,1,4.4
1417,PKK004,1997,2,2.6
1418,PKK004,1997,3,27.9
1419,PKK004,1997,4,50.9
1420,PKK004,1997,5,168.8
1421,PKK004,1997,6,108.7
1422,PKK004,1997,7,157.8
1423,PKK004,1997,8,163.3
1424,PKK004,1997,9,187.2
1425,PKK004,1997,10,125.7
1426,PKK004,1997,11,32.3
1427,PKK004,1997,12,4.5
1428,PKK004,1998,1,10.9
1429,PKK004,1998,2,4.8
1430,PKK004,1998,3,15.0
1431,PKK004,1998,4,27.6
1432,PKK004,1998,5,110.1
1433,PKK004,1998,6,148.9
1434,PKK004,1998,7,188.8
1435,PKK004,1998,8,187.29999999999998
1436,PKK004,1998,9,112.5
1437,PKK004,1998,10,100.2
1438,PKK004,1998,11,34.5
1439,PKK004,1998,12,6.0
1440,PKK004,1999,1,6.800000000000001
1441,PKK004,1999,2,15.299999999999999
1442,PKK004,1999,3,19.1
1443,PKK004,1999,4,35.5
1444,PKK004,1999,5,115.4
1445,PKK004,1999,6,147.4
1446,PKK004,1999,7,173.4
1447,PKK004,1999,8,197.7
1448,PKK004,1999,9,157.0
1449,PKK004,1999,10,190.3
1450,PKK004,1999,11,31.0
1451,PKK004,1999,12,10.0
1452,PKK004,2000,1,3.1
1453,PKK004,2000,2,8.2
1454,PKK004,2000,3,6.0
1455,PKK004,2000,4,78.8
1456,PKK004,2000,5,124.9
1457,PKK004,2000,6,174.3
1458,PKK004,2000,7,113.4
1459,PKK004,2000,8,168.9
1460,PKK004,2000,9,115.3
1461,PKK004,2000,10,146.6
1462,PKK004,2000,11,16.6
1463,PKK004,2000,12,4.3
1464,PKK004,2001,1,2.9000000000000004
1465,PKK004,2001,2,3.9
1466,PKK004,2001,3,30.1
1467,PKK004,2001,4,54.5
1468,PKK004,2001,5,148.1
1469,PKK004,2001,6,191.79999999999998
1470,PKK004,2001,7,197.9
1471,PKK004,2001,8,152.0
1472,PKK004,2001,9,58.0
1473,PKK004,2001,10,117.10000000000001
1474,PKK004,2001,11,20.8
1475,PKK004,2001,12,8.0
1476,PKK004,2002,1,3.5
1477,PKK004,2002,2,13.8
1478,PKK004,2002,3,21.1
1479,PKK004,2002,4,55.3
1480,PKK004,2002,5,105.7
1481,PKK004,2002,6,104.9
1482,PKK004,2002,7,184.2
1483,PKK004,2002,8,234.9
1484,PKK004,2002,9,155.9
1485,PKK004,2002,10,112.7
1486,PKK004,2002,11,40.6
1487,PKK004,2002,12,7.2
1488,PKK004,2003,1,6.700000000000001
1489,PKK004,2003,2,14.2
1490,PKK004,2003,3,27.1
1491,PKK004,2003,4,54.9
1492,PKK004,2003,5,101.3
1493,PKK004,2003,6,153.6
1494,PKK004,2003,7,144.2
1495,PKK004,2003,8,185.4
1496,PKK004,2003,9,227.8
1497,PKK004,2003,10,128.8
1498,PKK004,2003,11,12.9
1499,PKK004,2003,12,7.0
1500,PKK004,2004,1,2.8
1501,PKK004,2004,2,4.800000000000001
1502,PKK004,2004,3,18.9
1503,PKK004,2004,4,63.6
1504,PKK004,2004,5,104.7
1505,PKK004,2004,6,118.80000000000001
1506,PKK004,2004,7,248.0
1507,PKK004,2004,8,85.9
1508,PKK004,2004,9,147.6
1509,PKK004,2004,10,145.7
1510,PKK004,2004,11,45.2
1511,PKK004,2004,12,4.1
1512,PKK004,2005,1,1.4
1513,PKK004,2005,2,7.8
1514,PKK004,2005,3,21.3
1515,PKK004,2005,4,39.3
1516,PKK004,2005,5,128.4
1517,PKK004,2005,6,93.3
1518,PKK004,2005,7,123.6
1519,PKK004,2005,8,155.7
1520,PKK004,2005,9,146.0
1521,PKK004,2005,10,90.7
1522,PKK004,2005,11,8.9
1523,PKK004,2005,12,2.5
1524,PKK004,2006,1,9.8
1525,PKK004,2006,2,1.3
1526,PKK004,2006,3,6.5
1527,PKK004,2006,4,70.8
1528,PKK004,2006,5,156.7
1529,PKK004,2006,6,165.0
1530,PKK004,2006,7,210.70000000000002
1531,PKK004,2006,8,206.3
1532,PKK004,2006,9,149.2
1533,PKK004,2006,10,93.6
1534,PKK004,2006,11,24.9
1535,PKK004,2006,12,6.1000000000000005
1536,PKK004,2007,1,6.6
1537,PKK004,2007,2,2.6
1538,PKK004,2007,3,13.1
1539,PKK004,2007,4,49.2
1540,PKK004,2007,5,120.1
1541,PKK004,2007,6,105.89999999999999
1542,PKK004,2007,7,140.9
1543,PKK004,2007,8,84.7
1544,PKK004,2007,9,100.7
1545,PKK004,2007,10,113.1
1546,PKK004,2007,11,49.0
1547,PKK004,2007,12,3.6
1548,PKK004,2008,1,7.1
1549,PKK004,2008,2,11.3
1550,PKK004,2008,3,15.700000000000001
1551,PKK004,2008,4,70.8
1552,PKK004,2008,5,99.6
1553,PKK004,2008,6,78.3
1554,PKK004,2008,7,188.8
1555,PKK004,2008,8,129.4
1556,PKK004,2008,9,88.89999999999999
1557,PKK004,2008,10,170.3
1558,PKK004,2008,11,53.5
1559,PKK004,2008,12,5.9
1560,PKK004,2009,1,6.6
1561,PKK004,2009,2,5.800000000000001
1562,PKK004,2009,3,11.5
1563,PKK004,2009,4,30.3
1564,PKK004,2009,5,130.6
1565,PKK004,2009,6,90.6
1566,PKK004,2009,7,193.7
1567,PKK004,2009,8,120.4
1568,PKK004,2009,9,127.9
1569,PKK004,2009,10,100.0
1570,PKK004,2009,11,53.1
1571,PKK004,2009,12,4.6000000000000005
1572,PKK004,2010,1,6.9
1573,PKK004,2010,2,5.5
1574,PKK004,2010,3,9.3
1575,PKK004,2010,4,72.3
1576,PKK004,2010,5,127.1
1577,PKK004,2010,6,165.1
1578,PKK004,2010,7,258.6
1579,PKK004,2010,8,156.6
1580,PKK004,2010,9,136.0
1581,PKK004,2010,10,140.4
1582,PKK004,2010,11,47.5
1583,PKK004,2010,12,10.200000000000001
1584,PKK004,2011,1,8.0
1585,PKK004,2011,2,5.8999999999999995
1586,PKK004,2011,3,19.3
1587,PKK004,2011,4,34.7
1588,PKK004,2011,5,170.8
1589,PKK004,2011,6,77.7
1590,PKK004,2011,7,195.9
1591,PKK004,2011,8,157.8
1592,PKK004,2011,9,154.7
1593,PKK004,2011,10,191.5
1594,PKK004,2011,11,41.7
1595,PKK004,2011,12,8.2
1596,PKK004,2012,1,8.4
1597,PKK004,2012,2,8.3
1598,PKK004,2012,3,16.099999999999998
1599,PKK004,2012,4,67.9
1600,PKK004,2012,5,117.1
1601,PKK004,2012,6,148.5
1602,PKK004,2012,7,137.9
1603,PKK004,2012,8,162.0
1604,PKK004,2012,9,127.7
1605,PKK004,2012,10,134.9
1606,PKK004,2012,11,33.0
1607,PKK004,2012,12,10.700000000000001
1608,PKK004,2013,1,4.9
1609,PKK004,2013,2,2.5
1610,PKK004,2013,3,28.0
1611,PKK004,2013,4,38.8
1612,PKK004,2013,5,124.0
1613,PKK004,2013,6,213.2
1614,PKK004,2013,7,143.3
1615,PKK004,2013,8,181.5
1616,PKK004,2013,9,188.3
1617,PKK004,2013,10,187.9
1618,PKK004,2013,11,18.6
1619,PKK004,2013,12,4.699999999999999
1620,PKK004,2014,1,4.2
1621,PKK004,2014,2,7.4
1622,PKK004,2014,3,9.6
1623,PKK004,2014,4,57.6
1624,PKK004,2014,5,137.1
1625,PKK004,2014,6,130.6
1626,PKK004,2014,7,141.6
1627,PKK004,2014,8,249.4
1628,PKK004,2014,9,113.3
1629,PKK004,2014,10,89.3
1630,PKK004,2014,11,33.0
1631,PKK004,2014,12,3.9000000000000004
1632,PKK005,1981,1,1.3
1633,PKK005,1981,2,9.5
1634,PKK005,1981,3,43.0
1635,PKK005,1981,4,48.8
1636,PKK005,1981,5,132.5
1637,PKK005,1981,6,194.0
1638,PKK005,1981,7,150.5
1639,PKK005,1981,8,220.2
1640,PKK005,1981,9,139.9
1641,PKK005,1981,10,150.2
1642,PKK005,1981,11,33.1
1643,PKK005,1981,12,7.7
1644,PKK005,1982,1,12.2
1645,PKK005,1982,2,15.2
1646,PKK005,1982,3,16.6
1647,PKK005,1982,4,100.8
1648,PKK005,1982,5,157.2
1649,PKK005,1982,6,218.9
1650,PKK005,1982,7,213.29999999999998
1651,PKK005,1982,8,173.5
1652,PKK005,1982,9,208.4
1653,PKK005,1982,10,187.7
1654,PKK005,1982,11,52.3
1655,PKK005,1982,12,8.8
1656,PKK005,1983,1,3.7
1657,PKK005,1983,2,5.2
1658,PKK005,1983,3,22.7
1659,PKK005,1983,4,101.3
1660,PKK005,1983,5,149.1
1661,PKK005,1983,6,157.0
1662,PKK005,1983,7,178.6
1663,PKK005,1983,8,293.6
1664,PKK005,1983,9,131.3
1665,PKK005,1983,10,190.2
1666,PKK005,1983,11,40.1
1667,PKK005,1983,12,8.5
1668,PKK005,1984,1,3.2
1669,PKK005,1984,2,14.5
1670,PKK005,1984,3,22.6
1671,PKK005,1984,4,63.1
1672,PKK005,1984,5,118.3
1673,PKK005,1984,6,130.1
1674,PKK005,1984,7,220.6
1675,PKK005,1984,8,277.3
1676,PKK005,1984,9,109.2
1677,PKK005,1984,10,149.9
1678,PKK005,1984,11,37.9
1679,PKK005,1984,12,5.2
1680,PKK005,1985,1,13.8
1681,PKK005,1985,2,5.8
1682,PKK005,1985,3,38.1
1683,PKK005,1985,4,89.7
1684,PKK005,1985,5,126.3
1685,PKK005,1985,6,144.0
1686,PKK005,1985,7,243.2
1687,PKK005,1985,8,217.8
1688,PKK005,1985,9,190.4
1689,PKK005,1985,10,199.8
1690,PKK005,1985,11,37.0
1691,PKK005,1985,12,21.3
1692,PKK005,1986,1,3.6
1693,PKK005,1986,2,5.800000000000001
1694,PKK005,1986,3,34.0
1695,PKK005,1986,4,48.9
1696,PKK005,1986,5,138.1
1697,PKK005,1986,6,184.6
1698,PKK005,1986,7,200.29999999999998
1699,PKK005,1986,8,171.9
1700,PKK005,1986,9,145.3
1701,PKK005,1986,10,224.6
1702,PKK005,1986,11,29.0
1703,PKK005,1986,12,12.7
1704,PKK005,1987,1,12.6
1705,PKK005,1987,2,6.3999999999999995
1706,PKK005,1987,3,47.8
1707,PKK005,1987,4,73.0
1708,PKK005,1987,5,263.6
1709,PKK005,1987,6,150.29999999999998
1710,PKK005,1987,7,284.9
1711,PKK005,1987,8,244.7
1712,PKK005,1987,9,164.2
1713,PKK005,1987,10,142.8
1714,PKK005,1987,11,43.8
1715,PKK005,1987,12,10.7
1716,PKK005,1988,1,8.3
1717,PKK005,1988,2,9.0
1718,PKK005,1988,3,23.5
1719,PKK005,1988,4,54.2
1720,PKK005,1988,5,130.3
1721,PKK005,1988,6,157.8
1722,PKK005,1988,7,293.1
1723,PKK005,1988,8,181.5
1724,PKK005,1988,9,216.9
1725,PKK005,1988,10,161.2
1726,PKK005,1988,11,30.2
1727,PKK005,1988,12,5.199999999999999
1728,PKK005,1989,1,7.7
1729,PKK005,1989,2,10.2
1730,PKK005,1989,3,26.9
1731,PKK005,1989,4,85.6
1732,PKK005,1989,5,138.7
1733,PKK005,1989,6,216.0
1734,PKK005,1989,7,196.8
1735,PKK005,1989,8,265.4
1736,PKK005,1989,9,180.2
1737,PKK005,1989,10,118.8
1738,PKK005,1989,11,43.4
1739,PKK005,1989,12,5.3
1740,PKK005,1990,1,11.8
1741,PKK005,1990,2,13.0
1742,PKK005,1990,3,23.5
1743,PKK005,1990,4,81.6
1744,PKK005,1990,5,128.8
1745,PKK005,1990,6,251.1
1746,PKK005,1990,7,227.1
1747,PKK005,1990,8,189.8
1748,PKK005,1990,9,144.9
1749,PKK005,1990,10,190.2
1750,PKK005,1990,11,32.5
1751,PKK005,1990,12,5.2
1752,PKK005,1991,1,7.5
1753,PKK005,1991,2,6.199999999999999
1754,PKK005,1991,3,32.0
1755,PKK005,1991,4,112.3
1756,PKK005,1991,5,126.0
1757,PKK005,1991,6,245.4
1758,PKK005,1991,7,131.4
1759,PKK005,1991,8,164.3
1760,PKK005,1991,9,155.7
1761,PKK005,1991,10,102.6
1762,PKK005,1991,11,16.0
1763,PKK005,1991,12,5.5
1764,PKK005,1992,1,8.4
1765,PKK005,1992,2,9.1
1766,PKK005,1992,3,43.9
1767,PKK005,1992,4,90.4
1768,PKK005,1992,5,134.3
1769,PKK005,1992,6,206.1
1770,PKK005,1992,7,251.7
1771,PKK005,1992,8,191.2
1772,PKK005,1992,9,215.0
1773,PKK005,1992,10,130.3
1774,PKK005,1992,11,61.4
1775,PKK005,1992,12,23.6
1776,PKK005,1993,1,9.1
1777,PKK005,1993,2,3.5999999999999996
1778,PKK005,1993,3,41.3
1779,PKK005,1993,4,73.2
1780,PKK005,1993,5,104.0
1781,PKK005,1993,6,265.8
1782,PKK005,1993,7,208.3
1783,PKK005,1993,8,216.9
1784,PKK005,1993,9,202.3
1785,PKK005,1993,10,151.0
1786,PKK005,1993,11,76.0
1787,PKK005,1993,12,9.8
1788,PKK005,1994,1,5.9
1789,PKK005,1994,2,2.0
1790,PKK005,1994,3,23.0
1791,PKK005,1994,4,46.8
1792,PKK005,1994,5,159.0
1793,PKK005,1994,6,171.8
1794,PKK005,1994,7,222.7
1795,PKK005,1994,8,289.3
1796,PKK005,1994,9,231.89999999999998
1797,PKK005,1994,10,158.2
1798,PKK005,1994,11,64.6
1799,PKK005,1994,12,9.2
1800,PKK005,1995,1,13.4
1801,PKK005,1995,2,9.8
1802,PKK005,1995,3,18.7
1803,PKK005,1995,4,76.6
1804,PKK005,1995,5,168.9
1805,PKK005,1995,6,127.30000000000001
1806,PKK005,1995,7,196.3
1807,PKK005,1995,8,153.7
1808,PKK005,1995,9,257.6
1809,PKK005,1995,10,111.5
1810,PKK005,1995,11,49.2
1811,PKK005,1995,12,8.9
1812,PKK005,1996,1,7.0
1813,PKK005,1996,2,17.1
1814,PKK005,1996,3,23.099999999999998
1815,PKK005,1996,4,52.9
1816,PKK005,1996,5,97.2
1817,PKK005,1996,6,169.4
1818,PKK005,1996,7,78.3
1819,PKK005,1996,8,133.9
1820,PKK005,1996,9,157.3
1821,PKK005,1996,10,173.0
1822,PKK005,1996,11,43.4
1823,PKK005,1996,12,9.6
1824,PKK005,1997,1,16.8
1825,PKK005,1997,2,5.4
1826,PKK005,1997,3,10.0
1827,PKK005,1997,4,71.8
1828,PKK005,1997,5,247.5
1829,PKK005,1997,6,181.2
1830,PKK005,1997,7,208.6
1831,PKK005,1997,8,234.6
1832,PKK005,1997,9,133.6
1833,PKK005,1997,10,170.0
1834,PKK005,1997,11,89.3
1835,PKK005,1997,12,8.0
1836,PKK005,1998,1,8.5
1837,PKK005,1998,2,7.4
1838,PKK005,1998,3,22.2
1839,PKK005,1998,4,70.2
1840,PKK005,1998,5,144.4
1841,PKK005,1998,6,124.7
1842,PKK005,1998,7,163.2
1843,PKK005,1998,8,248.4
1844,PKK005,1998,9,132.4
1845,PKK005,1998,10,139.6
1846,PKK005,1998,11,29.9
1847,PKK005,1998,12,13.399999999999999
1848,PKK005,1999,1,12.0
1849,PKK005,1999,2,7.0
1850,PKK005,1999,3,21.7
1851,PKK005,1999,4,68.2
1852,PKK005,1999,5,179.6
1853,PKK005,1999,6,127.9
1854,PKK005,1999,7,177.3
1855,PKK005,1999,8,179.5
1856,PKK005,1999,9,153.6
1857,PKK005,1999,10,220.3
1858,PKK005,1999,11,41.5
1859,PKK005,1999,12,12.1
1860,PKK005,2000,1,8.4
1861,PKK005,2000,2,6.1
1862,PKK005,2000,3,16.9
1863,PKK005,2000,4,95.1
1864,PKK005,2000,5,212.8
1865,PKK005,2000,6,125.4
1866,PKK005,2000,7,163.9
1867,PKK005,2000,8,195.6
1868,PKK005,2000,9,172.4
1869,PKK005,2000,10,177.5
1870,PKK005,2000,11,45.3
1871,PKK005,2000,12,11.9
1872,PKK005,2001,1,5.8
1873,PKK005,2001,2,2.9
1874,PKK005,2001,3,35.4
1875,PKK005,2001,4,53.5
1876,PKK005,2001,5,119.3
1877,PKK005,2001,6,201.3
1878,PKK005,2001,7,172.1
1879,PKK005,2001,8,178.9
1880,PKK005,2001,9,274.09999999999997
1881,PKK005,2001,10,114.7
1882,PKK005,2001,11,53.800000000000004
1883,PKK005,2001,12,4.6
1884,PKK005,2002,1,9.0
1885,PKK005,2002,2,7.5
1886,PKK005,2002,3,20.0
1887,PKK005,2002,4,79.7
1888,PKK005,2002,5,180.6
1889,PKK005,2002,6,146.2
1890,PKK005,2002,7,121.7
1891,PKK005,2002,8,275.2
1892,PKK005,2002,9,221.5
1893,PKK005,2002,10,141.9
1894,PKK005,2002,11,33.2
1895,PKK005,2002,12,12.399999999999999
1896,PKK005,2003,1,8.6
1897,PKK005,2003,2,17.1
1898,PKK005,2003,3,23.5
1899,PKK005,2003,4,61.1
1900,PKK005,2003,5,177.7
1901,PKK005,2003,6,162.0
1902,PKK005,2003,7,252.2
1903,PKK005,2003,8,177.4
1904,PKK005,2003,9,131.9
1905,PKK005,2003,10,124.30000000000001
1906,PKK005,2003,11,68.3
1907,PKK005,2003,12,6.1
1908,PKK005,2004,1,5.4
1909,PKK005,2004,2,5.3
1910,PKK005,2004,3,23.8
1911,PKK005,2004,4,71.3
1912,PKK005,2004,5,114.3
1913,PKK005,2004,6,264.4
1914,PKK005,2004,7,228.9
1915,PKK005,2004,8,269.7
1916,PKK005,2004,9,201.9
1917,PKK005,2004,10,128.9
1918,PKK005,2004,11,57.699999999999996
1919,PKK005,2004,12,5.5
1920,PKK005,2005,1,8.9
1921,PKK005,2005,2,4.9
1922,PKK005,2005,3,12.6
1923,PKK005,2005,4,99.4
1924,PKK005,2005,5,137.1
1925,PKK005,2005,6,119.7
1926,PKK005,2005,7,182.0
1927,PKK005,2005,8,167.5
1928,PKK005,2005,9,195.6
1929,PKK005,2005,10,140.6
1930,PKK005,2005,11,34.8
1931,PKK005,2005,12,13.9
1932,PKK005,2006,1,6.9
1933,PKK005,2006,2,10.3
1934,PKK005,2006,3,19.9
1935,PKK005,2006,4,67.7
1936,PKK005,2006,5,156.0
1937,PKK005,2006,6,186.7
1938,PKK005,2006,7,213.8
1939,PKK005,2006,8,235.2
1940,PKK005,2006,9,173.7
1941,PKK005,2006,10,141.4
1942,PKK005,2006,11,43.0
1943,PKK005,2006,12,9.8
1944,PKK005,2007,1,7.1
1945,PKK005,2007,2,5.199999999999999
1946,PKK005,2007,3,10.2
1947,PKK005,2007,4,61.1
1948,PKK005,2007,5,189.8
1949,PKK005,2007,6,134.0
1950,PKK005,2007,7,182.7
1951,PKK005,2007,8,180.1
1952,PKK005,2007,9,158.0
1953,PKK005,2007,10,174.9
1954,PKK005,2007,11,58.6
1955,PKK005,2007,12,7.2
1956,PKK005,2008,1,6.5
1957,PKK005,2008,2,4.5
1958,PKK005,2008,3,20.7
1959,PKK005,2008,4,86.5
1960,PKK005,2008,5,185.7
1961,PKK005,2008,6,209.1
1962,PKK005,2008,7,233.3
1963,PKK005,2008,8,188.7
1964,PKK005,2008,9,231.7
1965,PKK005,2008,10,125.9
1966,PKK005,2008,11,47.2
1967,PKK005,2008,12,11.3
1968,PKK005,2009,1,13.3
1969,PKK005,2009,2,6.1
1970,PKK005,2009,3,21.0
1971,PKK005,2009,4,24.2
1972,PKK005,2009,5,187.8
1973,PKK005,2009,6,238.1
1974,PKK005,2009,7,209.1
1975,PKK005,2009,8,231.4
1976,PKK005,2009,9,195.1
1977,PKK005,2009,10,163.3
1978,PKK005,2009,11,33.3
1979,PKK005,2009,12,10.600000000000001
1980,PKK005,2010,1,6.9
1981,PKK005,2010,2,4.9
1982,PKK005,2010,3,21.8
1983,PKK005,2010,4,63.4
1984,PKK005,2010,5,164.4
1985,PKK005,2010,6,207.3
1986,PKK005,2010,7,173.8
1987,PKK005,2010,8,260.9
1988,PKK005,2010,9,208.4
1989,PKK005,2010,10,263.5
1990,PKK005,2010,11,70.0
1991,PKK005,2010,12,18.8
1992,PKK005,2011,1,10.399999999999999
1993,PKK005,2011,2,9.9
1994,PKK005,2011,3,9.1
1995,PKK005,2011,4,99.5
1996,PKK005,2011,5,147.1
1997,PKK005,2011,6,244.4
1998,PKK005,2011,7,263.7
1999,PKK005,2011,8,215.5
2000,PKK005,2011,9,128.8
2001,PKK005,2011,10,174.0
2002,PKK005,2011,11,30.1
2003,PKK005,2011,12,6.8999999999999995
2004,PKK005,2012,1,6.2
2005,PKK005,2012,2,13.9
2006,PKK005,2012,3,21.2
2007,PKK005,2012,4,58.6
2008,PKK005,2012,5,181.0
2009,PKK005,2012,6,123.3
2010,PKK005,2012,7,234.5
2011,PKK005,2012,8,237.7
2012,PKK005,2012,9,134.9
2013,PKK005,2012,10,115.0
2014,PKK005,2012,11,53.0
2015,PKK005,2012,12,14.6
2016,PKK005,2013,1,10.5
2017,PKK005,2013,2,8.7
2018,PKK005,2013,3,37.4
2019,PKK005,2013,4,59.4
2020,PKK005,2013,5,157.2
2021,PKK005,2013,6,167.9
2022,PKK005,2013,7,205.5
2023,PKK005,2013,8,198.0
2024,PKK005,2013,9,147.8
2025,PKK005,2013,10,181.0
2026,PKK005,2013,11,27.599999999999998
2027,PKK005,2013,12,16.0
2028,PKK005,2014,1,6.7
2029,PKK005,2014,2,10.7
2030,PKK005,2014,3,23.3
2031,PKK005,2014,4,47.1
2032,PKK005,2014,5,102.9
2033,PKK005,2014,6,180.70000000000002
2034,PKK005,2014,7,216.3
2035,PKK005,2014,8,207.4
2036,PKK005,2014,9,191.2
2037,PKK005,2014,10,193.2
2038,PKK005,2014,11,37.8
2039,PKK005,2014,12,16.4
